/*
 * For CS61 Lab 2c
 * Inserts generated test data 
 */

USE `yusuf_db`;

INSERT INTO `user` (`fname`,`lname`) VALUES 
("Vielka","Cruz"),
("Palmer","Snow"),
("William","Joyner"),
("Imani","Kirk"),
("Veda","Mcpherson"),
("Dylan","Nash"),
("Dawn","Warner"),
("Hamilton","Hendricks"),
("Shoshana","Shepard"),
("Cleo","Short"),
("Ryder","Henderson"),
("Chandler","Hoover"),
("Branden","Odonnell"),
("Finn","Branch"),
("Dillon","Tran"),
("Travis","Harvey"),
("Shad","Noel"),
("Randall","Wheeler"),
("Samantha","Cote"),
("Charissa","Phillips"),
("Burke","Jackson"),
("Rooney","Solis"),
("Ignacia","Foreman"),
("Courtney","Rhodes"),
("Clio","Moreno"),
("Germaine","Cannon"),
("Brian","Payne"),
("Sophia","Mullins"),
("Georgia","Kelley"),
("Kaseem","Rasmussen");

INSERT INTO `editor` (`user_id`) VALUES 
(1),
(2);
    
INSERT INTO `author` (`user_id`,`address`,`email`,`affiliation`) VALUES 
(3,"Ap #367-6654 Lorem Rd.","ac.ipsum@libero.edu","Morbi Vehicula Pellentesque LLC"),
(4,"P.O. Box 732, 1502 Arcu. Street","Cras.vehicula@ullamcorper.com","Dolor Donec Industries"),
(5,"Ap #618-9798 Eleifend St.","ac.mattis@leoMorbi.edu","Auctor Velit Corp."),
(6,"P.O. Box 814, 4043 Velit. Road","sociis.natoque@Mauris.ca","Morbi Metus LLP"),
(7,"P.O. Box 318, 791 Lorem Road","vitae.sodales.nisi@egestasligula.net","Turpis Nec Mauris Limited"),
(8,"Ap #555-8087 Nulla Road","dolor@nequeet.ca","Lorem Company"),
(9,"407-5392 Suspendisse Rd.","Proin.vel@lobortisauguescelerisque.co.uk","Aliquam Nisl Corp."),
(10,"Ap #330-2509 Lorem Street","aliquam.eros.turpis@cursus.com","Magna Duis Dignissim Ltd"),
(11,"Ap #369-3632 Hendrerit Rd.","orci.sem@rhoncusidmollis.ca","Curabitur Inc."),
(12,"7180 Amet, Street","in.sodales.elit@Phasellusvitaemauris.org","Purus Company");

INSERT INTO `reviewer` (`user_id`,`email`,`affiliation`) VALUES 
(13,"orci.Phasellus@nequevitaesemper.org","Ut Foundation"),
(14,"libero.lacus.varius@lobortisultricesVivamus.edu","Sem Vitae Aliquam Consulting"),
(15,"orci@miacmattis.com","Mollis Lectus Pede Corporation"),
(16,"lacus@posuereat.org","Ac Tellus Corp."),
(17,"ridiculus@semperauctor.net","At Egestas A Corporation"),
(18,"sollicitudin@interdumlibero.edu","Rutrum Lorem Inc."),
(19,"vehicula@posuereenimnisl.ca","Dolor Donec Industries"),
(20,"aliquam.eu@a.co.uk","Turpis Nec Mauris Limited"),
(21,"dolor.vitae@atortorNunc.org","Auctor Velit Corp."),
(22,"Etiam@felisorciadipiscing.ca","Turpis Nec Mauris Limited"),
(23,"mollis.Duis@insodales.org","Aliquam Nisl Corp."),
(24,"Donec@facilisismagnatellus.net","Magna Duis Dignissim Ltd"),
(25,"nec@molestiearcu.ca","Curabitur Inc."),
(26,"malesuada.id.erat@molestie.com","Ac Tellus Corp."),
(27,"Sed.id.risus@libero.org","Lorem Company"),
(28,"nibh.Phasellus@aliquetsemut.org","Purus Company"),
(29,"non.vestibulum@sapiengravidanon.edu","Morbi Metus LLP"),
(30,"eu.arcu@risusa.ca","Turpis Nec Mauris Limited");

/* Given to us */
INSERT INTO RICodes (interest) VALUES
('Agricultural engineering'),
('Biochemical engineering'),
('Biomechanical engineering'),
('Ergonomics'),
('Food engineering'),
('Bioprocess engineering'),
('Genetic engineering'),
('Human genetic engineering'),
('Metabolic engineering'),
('Molecular engineering'),
('Neural engineering'),
('Protein engineering'),
('Rehabilitation engineering'),
('Tissue engineering'),
('Aquatic and environmental engineering'),
('Architectural engineering'),
('Civionic engineering'),
('Construction engineering'),
('Earthquake engineering'),
('Earth systems engineering and management'),
('Ecological engineering'),
('Environmental engineering'),
('Geomatics engineering'),
('Geotechnical engineering'),
('Highway engineering'),
('Hydraulic engineering'),
('Landscape engineering'),
('Land development engineering'),
('Pavement engineering'),
('Railway systems engineering'),
('River engineering'),
('Sanitary engineering'),
('Sewage engineering'),
('Structural engineering'),
('Surveying'),
('Traffic engineering'),
('Transportation engineering'),
('Urban engineering'),
('Irrigation and agriculture engineering'),
('Explosives engineering'),
('Biomolecular engineering'),
('Ceramics engineering'),
('Broadcast engineering'),
('Building engineering'),
('Signal Processing'),
('Computer engineering'),
('Power systems engineering'),
('Control engineering'),
('Telecommunications engineering'),
('Electronic engineering'),
('Instrumentation engineering'),
('Network engineering'),
('Neuromorphic engineering'),
('Engineering Technology'),
('Integrated engineering'),
('Value engineering'),
('Cost engineering'),
('Fire protection engineering'),
('Domain engineering'),
('Engineering economics'),
('Engineering management'),
('Engineering psychology'),
('Ergonomics'),
('Facilities Engineering'),
('Logistic engineering'),
('Model-driven engineering'),
('Performance engineering'),
('Process engineering'),
('Product Family Engineering'),
('Quality engineering'),
('Reliability engineering'),
('Safety engineering'),
('Security engineering'),
('Support engineering'),
('Systems engineering'),
('Metallurgical Engineering'),
('Surface Engineering'),
('Biomaterials Engineering'),
('Crystal Engineering'),
('Amorphous Metals'),
('Metal Forming'),
('Ceramic Engineering'),
('Plastics Engineering'),
('Forensic Materials Engineering'),
('Composite Materials'),
('Casting'),
('Electronic Materials'),
('Nano materials'),
('Corrosion Engineering'),
('Vitreous Materials'),
('Welding'),
('Acoustical engineering'),
('Aerospace engineering'),
('Audio engineering'),
('Automotive engineering'),
('Building services engineering'),
('Earthquake engineering'),
('Forensic engineering'),
('Marine engineering'),
('Mechatronics'),
('Nanoengineering'),
('Naval architecture'),
('Sports engineering'),
('Structural engineering'),
('Vacuum engineering'),
('Military engineering'),
('Combat engineering'),
('Offshore engineering'),
('Optical engineering'),
('Geophysical engineering'),
('Mineral engineering'),
('Mining engineering'),
('Reservoir engineering'),
('Climate engineering'),
('Computer-aided engineering'),
('Cryptographic engineering'),
('Information engineering'),
('Knowledge engineering'),
('Language engineering'),
('Release engineering'),
('Teletraffic engineering'),
('Usability engineering'),
('Web engineering'),
('Systems engineering');

INSERT INTO `interests` (`reviewer_id`,`RICodes_code`) VALUES 
(13,3),(13,11),
(14,11),(14,13),(14,16),
(15,13),(15,16),(15,30),
(16,16),(16,32),
(17,30),(17,32),(17,33),
(18,33),(18,39),
(19,33),(19,39),(19,40),
(20,37),(20,40),(20,42),
(21,40),(21,42),(21,44),
(22,42),(22,44),
(23,42),
(24,44),
(25,39),
(26,39),
(27,13),
(28,30),
(29,47),(29,32),
(30,88);

INSERT INTO `manuscript` (`author_id`,`editor_id`,`RICodes_code`,`title`,`status`,`timestamp`,`pageCount`, `doc`) VALUES 
(12,1,16,"ridiculus","submitted","2017-01-14 23:12:52",null,"temp-blob"),
(12,2,39,"Donec tempus, lorem fringilla","typeset","2016-10-06 20:09:21",12,"temp-blob"),
(10,2,11,"turpis Aliquam adipiscing","submitted","2016-11-02 01:00:22",null,"temp-blob"),
(3,2,44,"pretium aliquet,","underreview","2017-01-13 10:53:42",null,"temp-blob"),
(10,1,39,"vulputate, lacus","rejected","2017-02-22 08:29:27",null,"temp-blob"),
(4,2,42,"justo","accepted","2016-12-18 16:12:05",null,"temp-blob"),
(9,2,32,"mollis Phasellus","typeset","2016-11-10 04:11:10",5,"temp-blob"),
(7,2,40,"eget, ipsum Donec","scheduled","2016-12-11 07:02:18",9,"temp-blob"),
(5,1,3,"aliquam","rejected","2017-03-28 06:57:28",null,"temp-blob"),
(8,2,13,"non massa non","accepted","2017-04-11 09:58:30",null,"temp-blob"),
(7,1,30,"diam at","scheduled","2016-07-20 19:23:23",16,"temp-blob"),
(6,2,33,"varius ultrices, mauris","published","2016-09-25 15:56:29",2,"temp-blob"),
(8,2,13,"lorem eu metus In","underreview","2017-01-03 14:29:20",null,"temp-blob"),
(12,2,13,"lorem ultra","published","2016-09-25 15:56:29",4,"temp-blob"),
(3,2,39,"mauris mollis","published","2016-09-25 15:56:29",5,"temp-blob"),
(5,2,33,"Phasellus ipsis","published","2016-09-25 15:56:29",9,"temp-blob"),
(7,1,30,"diam ats","accepted","2016-07-20 19:23:23",16,"temp-blob");


INSERT INTO `review` (`manuscript_id`,`reviewer_id`,`dateSent`) VALUES 
(2,25,"2016-10-21 12:24:50"),
(2,19,"2016-09-27 01:52:16"),
(2,18,"2017-03-09 05:28:51"),
(4,21,"2017-04-10 05:44:12"),
(4,22,"2016-05-04 16:20:52"),
(4,24,"2016-09-03 11:49:38"),
(6,20,"2016-12-15 16:01:03"),
(6,22,"2017-03-01 09:48:12"),
(6,23,"2016-07-08 03:43:38"),
(7,16,"2016-08-16 18:15:56"),
(7,29,"2016-06-30 04:51:39"),
(7,17,"2016-09-17 13:07:36"),
(8,20,"2017-02-27 18:28:28"),
(8,19,"2016-12-28 17:51:11"),
(8,21,"2017-01-27 05:04:14"),
(10,27,"2016-09-24 21:28:20"),
(10,15,"2017-04-13 03:21:23"),
(10,14,"2016-11-03 22:55:36"),
(11,17,"2016-08-25 09:04:12"),
(11,15,"2017-04-13 19:05:17"),
(11,28,"2016-10-24 12:26:34"),
(12,18,"2016-06-29 08:54:13"),
(12,17,"2016-12-01 17:58:33"),
(12,19,"2016-09-26 23:17:44"),
(13,14,"2016-06-02 02:19:18"),
(13,27,"2017-01-14 13:37:22"),
(13,15,"2016-11-19 16:46:10"),
(14,14,"2016-11-19 16:46:10"),
(14,27,"2016-11-19 16:46:10"),
(14,15,"2016-11-19 16:46:10"),
(15,25,"2016-11-19 16:46:10"),
(15,29,"2016-11-19 16:46:10"),
(15,18,"2016-11-19 16:46:10"),
(16,17,"2016-11-19 16:46:10"),
(16,18,"2016-11-19 16:46:10"),
(16,19,"2016-11-19 16:46:10");


INSERT INTO `feedback` (`manuscript_id`,`reviewer_id`,`appropriateness`,`clarity`,`methodology`,`contribution`,`recommendation`,`dateReceived`) VALUES 
(2,25,2,6,6,8,1,"2016-06-02 07:12:36"),
(2,19,5,2,6,2,0,"2017-03-03 10:13:58"),
(2,18,9,4,7,6,1,"2016-06-16 05:36:12"),
(4,22,10,4,1,3,1,"2016-12-18 22:24:57"),
(6,20,2,8,10,7,1,"2016-10-20 04:38:47"),
(6,22,2,10,8,8,1,"2016-07-09 09:45:03"),
(6,23,5,9,8,6,1,"2016-10-14 12:30:47"),
(7,16,8,1,10,6,0,"2017-04-13 03:08:07"),
(7,29,1,10,9,7,1,"2016-06-16 12:15:23"),
(7,17,1,5,10,5,1,"2016-06-15 18:45:45"),
(8,20,4,3,6,2,1,"2016-05-04 12:41:13"),
(8,19,9,3,8,1,1,"2017-03-11 19:13:24"),
(8,21,4,7,10,4,1,"2016-09-26 20:12:46"),
(10,27,1,6,5,5,1,"2016-12-09 20:51:05"),
(10,15,3,3,7,10,1,"2016-12-20 13:19:55"),
(10,14,3,6,4,10,0,"2016-09-09 19:57:53"),
(11,17,8,7,7,7,1,"2017-04-05 19:58:49"),
(11,15,3,7,10,9,1,"2016-05-25 09:06:30"),
(11,28,1,1,6,4,0,"2017-03-03 19:05:57"),
(12,18,10,1,3,7,1,"2017-01-03 21:15:22"),
(12,17,3,7,2,5,0,"2016-10-26 09:42:36"),
(12,19,2,8,10,2,1,"2017-03-11 20:00:35"),
(13,15,3,6,7,1,0,"2016-10-14 20:27:30");


INSERT INTO `contributors` (`manuscript_id`,`order`,`fname`,`lname`) VALUES 
(1,1,"Victor","Whitley"),
(1,2,"Cleo","Short"),
(3,1,"Mercedes","Heath"),
(4,1,"Kellie","Carr"),
(4,2,"Miranda","May"),
(4,3,"Ryder","Henderson"),
(7,1,"Dylan","Nash"),
(8,1,"Stuart","Sexton"),
(8,2,"Amanda","Kerr"),
(10,1,"Doris","Christensen"),
(10,2,"Alan","Murray"),
(10,3,"Dylan","Nash"),
(11,1,"Reese","Boyd"),
(13,1,"Fulton","Logan"),
(13,2,"Imani","Kirk");


INSERT INTO `issue` (`year`,`period`) VALUES 
(2016,1),
(2016,2),
(2016,3),
(2016,4),
(2017,1),
(2017,2),
(2017,3),
(2017,4),
(2018,1),
(2018,2);

INSERT INTO `acceptance` (`manuscript_id`,`issue_id`,`position`,`pageNum`) VALUE
(8,6,1,1),
(11,7,2,7),
(12,3,13,43),
(14,3,27,89),
(15,4,3,17),
(16,4,7,23);

INSERT INTO `publish` (`issue_id`,`publishDate`) VALUES 
(1,"2016-2-23 17:15:07"),
(2,"2016-6-06 06:25:37"),
(3,"2016-09-25 15:56:29"),
(4,"2016-12-12 18:18:41"),
(5,"2017-03-12 06:30:22");

